year&season,公司,期末股本,每股淨值,流動比率,淨值佔總資產,營業利益,營業外,營業收入,稅後純益,速動比率,稅前純益
201402,1568.0,1030865.0,13.0,1.58934648507116,47.9747121844483,71280.0,-5416,1058495.0,51064.0,0.890718027893332,
201403,1568.0,1030865.0,13.33,1.57332033802622,49.337517421237,103752.0,-2673,1624424.0,78855.0,0.808058572764455,101079.0
201404,1568.0,1030865.0,13.82,1.3055368539363401,47.44349487107161,145263.0,2332.0,2238880.0,116967.0,0.7429924569105419,147595.0
201501,1568.0,1030865.0,13.92,1.33697707645126,47.3324242293265,38534.0,-18775.0,536651.0,13452.0,0.7265272507211948,19759.0
201502,1568.0,1030865.0,13.66,1.4425544291957502,48.3863076064081,87450.0,-21925.0,1144886.0,43641.0,0.8030672234178678,65525.0
201503,1568.0,1030865.0,14.32,1.51844121619536,49.6184560959794,131699.0,-1039,1738610.0,93563.0,0.855066185728745,130660.0
201504,1568.0,1030865.0,14.64,2.24906715293267,50.7357557815145,200774.0,-8031,2381354.0,138528.0,1.33937699680511,192743.0
201601,1568.0,1030865.0,14.97,2.39146635416099,50.5220371116554,64949.0,-3279,632526.0,40655.0,1.40999715353355,61670.0
201602,1568.0,1030865.0,14.29,1.88925877440522,47.468933454970895,129675.0,-10150,1262775.0,78867.0,1.13063307799133,119525.0
