year&season,公司,期末股本,每股淨值,流動比率,淨值佔總資產,營業利益,營業外,營業收入,稅前純益,稅後純益,速動比率
201603,1598.0,929502.0,22.08,1.23334930395244,38.931939230724296,267293.0,-84386,3212389.0,182907.0,123949.0,0.512048979931939
