year&season,公司,期末股本,每股淨值,流動比率,淨值佔總資產,營業利益,營業外,營業收入,稅前純益,稅後純益,速動比率
201603,3708.0,908471.0,44.33,1.46341911130181,40.559721634741294,-2646.0,7308,355612.0,4662.0,2698.0,1.14421886240542
