year&season,公司,期末股本,每股淨值,流動比率,淨值佔總資產,營業利益,營業外,營業收入,稅前純益,稅後純益,速動比率
201603,4438.0,922339.0,49.96,1.69284460854278,54.3736014026619,817216.0,59089,7387329.0,876305.0,687409.0,1.19218802415182
