year&season,公司,期末股本,每股淨值,流動比率,淨值佔總資產,營業利益,營業外,營業收入,稅前純益,稅後純益,速動比率
201602,4552.0,900000.0,38.14,3.35554277491283,73.35573854929609,706456.0,19448,3974173.0,725904.0,492351.0,1.84666036190609
