year&season,公司,期末股本,每股淨值,流動比率,淨值佔總資產,營業利益,營業外,營業收入,稅後純益,速動比率,稅前純益
201304,5280.0,550899.0,116.29,8.0740620589365,86.45149937805358,1274479.0,49121,4853231.0,1267355.0,0.952050589736745,
201401,5280.0,555065.0,124.16,8.64343587333884,87.2597280899329,297580.0,17624,1195094.0,301267.0,1.38595066583333,
201402,5280.0,561674.0,116.46,5.08489155567813,79.3989184061043,615517.0,27208,2487715.0,611046.0,0.962671934680055,
201403,5280.0,568542.0,120.56,8.02188949048132,86.1954423110708,756533.0,49721,3630670.0,764424.0,0.91035677442805,806254.0
