year&season,公司,期末股本,每股淨值,流動比率,淨值佔總資產,營業利益,營業外,營業收入,稅後純益,速動比率,稅前純益
201402,8150.0,8646193.0,18.74,2.17195017951221,53.0824437817939,1539128.0,775700,10402421.0,1377931.0,1.92097332738598,
201403,8150.0,8646193.0,19.87,2.82400833882866,53.5065141558381,2688761.0,813987,16208702.0,2310946.0,2.48558474075757,3502748.0
201404,8150.0,8646193.0,21.1,2.45804672731311,52.6725137042379,3768234.0,1017102.0,22005131.0,3318633.0,2.18999095253213,4785336.0
201501,8150.0,8646193.0,21.89,2.97509669737299,53.73580674476789,864474.0,18150.0,5218138.0,706265.0,2.66584395603858,882624.0
201502,8150.0,9005516.0,20.67,2.3165814790910297,55.5880339353985,1635832.0,-11944.0,10287273.0,1209754.0,2.06506915496017,1623888.0
201503,8150.0,9163036.0,20.79,2.64481786415744,61.22148069276871,2129641.0,200793,15114362.0,1793225.0,2.29967165244772,2330434.0
201504,8150.0,8962066.0,21.33,2.7032927618248,61.7861864125567,2578454.0,284283,19869391.0,2230469.0,2.37346363071538,2862737.0
201601,8150.0,8957836.0,21.58,2.72834915746067,58.691343667392594,519410.0,-99783,4724139.0,348423.0,2.40898602555618,419627.0
201602,8150.0,8972192.0,19.68,2.67135014942013,52.133316105004795,920803.0,-78025,9451227.0,663293.0,2.2909795082061,842778.0
